exp-2022-05-28-23-07-05-harfbuzz-1.3.2,harfbuzz-1.3.2-aflplusplus_ast_f0,395,17,10908,/home/b/bdata/beandata/eth/projects_eth/eth-sm04-ast/repo/matt-AST/scripts/sancov_utils/sancov_util_results/exp-2022-05-28-23-07-05-harfbuzz-1.3.2/sancov__exp-2022-05-28-23-07-05-harfbuzz-1.3.2__harfbuzz-1.3.2-aflplusplus_ast_f0__trial-395__17.sancov
exp-2022-05-28-23-07-05-harfbuzz-1.3.2,harfbuzz-1.3.2-aflplusplus_ast_f0,396,17,10923,/home/b/bdata/beandata/eth/projects_eth/eth-sm04-ast/repo/matt-AST/scripts/sancov_utils/sancov_util_results/exp-2022-05-28-23-07-05-harfbuzz-1.3.2/sancov__exp-2022-05-28-23-07-05-harfbuzz-1.3.2__harfbuzz-1.3.2-aflplusplus_ast_f0__trial-396__17.sancov
exp-2022-05-28-23-07-05-harfbuzz-1.3.2,harfbuzz-1.3.2-aflplusplus_ast_f0,397,17,10913,/home/b/bdata/beandata/eth/projects_eth/eth-sm04-ast/repo/matt-AST/scripts/sancov_utils/sancov_util_results/exp-2022-05-28-23-07-05-harfbuzz-1.3.2/sancov__exp-2022-05-28-23-07-05-harfbuzz-1.3.2__harfbuzz-1.3.2-aflplusplus_ast_f0__trial-397__17.sancov
exp-2022-05-28-23-07-05-harfbuzz-1.3.2,harfbuzz-1.3.2-aflplusplus_ast_f1,398,17,11191,/home/b/bdata/beandata/eth/projects_eth/eth-sm04-ast/repo/matt-AST/scripts/sancov_utils/sancov_util_results/exp-2022-05-28-23-07-05-harfbuzz-1.3.2/sancov__exp-2022-05-28-23-07-05-harfbuzz-1.3.2__harfbuzz-1.3.2-aflplusplus_ast_f1__trial-398__17.sancov
exp-2022-05-28-23-07-05-harfbuzz-1.3.2,harfbuzz-1.3.2-aflplusplus_ast_f1,399,17,10870,/home/b/bdata/beandata/eth/projects_eth/eth-sm04-ast/repo/matt-AST/scripts/sancov_utils/sancov_util_results/exp-2022-05-28-23-07-05-harfbuzz-1.3.2/sancov__exp-2022-05-28-23-07-05-harfbuzz-1.3.2__harfbuzz-1.3.2-aflplusplus_ast_f1__trial-399__17.sancov
exp-2022-05-28-23-07-05-harfbuzz-1.3.2,harfbuzz-1.3.2-aflplusplus_ast_f1,400,17,10922,/home/b/bdata/beandata/eth/projects_eth/eth-sm04-ast/repo/matt-AST/scripts/sancov_utils/sancov_util_results/exp-2022-05-28-23-07-05-harfbuzz-1.3.2/sancov__exp-2022-05-28-23-07-05-harfbuzz-1.3.2__harfbuzz-1.3.2-aflplusplus_ast_f1__trial-400__17.sancov
exp-2022-05-28-23-07-05-harfbuzz-1.3.2,harfbuzz-1.3.2-aflplusplus_ast_o0,392,17,11021,/home/b/bdata/beandata/eth/projects_eth/eth-sm04-ast/repo/matt-AST/scripts/sancov_utils/sancov_util_results/exp-2022-05-28-23-07-05-harfbuzz-1.3.2/sancov__exp-2022-05-28-23-07-05-harfbuzz-1.3.2__harfbuzz-1.3.2-aflplusplus_ast_o0__trial-392__17.sancov
exp-2022-05-28-23-07-05-harfbuzz-1.3.2,harfbuzz-1.3.2-aflplusplus_ast_o0,393,17,10927,/home/b/bdata/beandata/eth/projects_eth/eth-sm04-ast/repo/matt-AST/scripts/sancov_utils/sancov_util_results/exp-2022-05-28-23-07-05-harfbuzz-1.3.2/sancov__exp-2022-05-28-23-07-05-harfbuzz-1.3.2__harfbuzz-1.3.2-aflplusplus_ast_o0__trial-393__17.sancov
exp-2022-05-28-23-07-05-harfbuzz-1.3.2,harfbuzz-1.3.2-aflplusplus_ast_o0,394,17,10818,/home/b/bdata/beandata/eth/projects_eth/eth-sm04-ast/repo/matt-AST/scripts/sancov_utils/sancov_util_results/exp-2022-05-28-23-07-05-harfbuzz-1.3.2/sancov__exp-2022-05-28-23-07-05-harfbuzz-1.3.2__harfbuzz-1.3.2-aflplusplus_ast_o0__trial-394__17.sancov
exp-2022-05-28-23-07-05-harfbuzz-1.3.2,harfbuzz-1.3.2-aflplusplus_ast_o1,389,17,10889,/home/b/bdata/beandata/eth/projects_eth/eth-sm04-ast/repo/matt-AST/scripts/sancov_utils/sancov_util_results/exp-2022-05-28-23-07-05-harfbuzz-1.3.2/sancov__exp-2022-05-28-23-07-05-harfbuzz-1.3.2__harfbuzz-1.3.2-aflplusplus_ast_o1__trial-389__17.sancov
exp-2022-05-28-23-07-05-harfbuzz-1.3.2,harfbuzz-1.3.2-aflplusplus_ast_o1,390,17,11133,/home/b/bdata/beandata/eth/projects_eth/eth-sm04-ast/repo/matt-AST/scripts/sancov_utils/sancov_util_results/exp-2022-05-28-23-07-05-harfbuzz-1.3.2/sancov__exp-2022-05-28-23-07-05-harfbuzz-1.3.2__harfbuzz-1.3.2-aflplusplus_ast_o1__trial-390__17.sancov
exp-2022-05-28-23-07-05-harfbuzz-1.3.2,harfbuzz-1.3.2-aflplusplus_ast_o1,391,17,10951,/home/b/bdata/beandata/eth/projects_eth/eth-sm04-ast/repo/matt-AST/scripts/sancov_utils/sancov_util_results/exp-2022-05-28-23-07-05-harfbuzz-1.3.2/sancov__exp-2022-05-28-23-07-05-harfbuzz-1.3.2__harfbuzz-1.3.2-aflplusplus_ast_o1__trial-391__17.sancov
exp-2022-05-28-23-07-05-harfbuzz-1.3.2,harfbuzz-1.3.2-aflplusplus_ast_o2,386,17,10977,/home/b/bdata/beandata/eth/projects_eth/eth-sm04-ast/repo/matt-AST/scripts/sancov_utils/sancov_util_results/exp-2022-05-28-23-07-05-harfbuzz-1.3.2/sancov__exp-2022-05-28-23-07-05-harfbuzz-1.3.2__harfbuzz-1.3.2-aflplusplus_ast_o2__trial-386__17.sancov
exp-2022-05-28-23-07-05-harfbuzz-1.3.2,harfbuzz-1.3.2-aflplusplus_ast_o2,387,17,10955,/home/b/bdata/beandata/eth/projects_eth/eth-sm04-ast/repo/matt-AST/scripts/sancov_utils/sancov_util_results/exp-2022-05-28-23-07-05-harfbuzz-1.3.2/sancov__exp-2022-05-28-23-07-05-harfbuzz-1.3.2__harfbuzz-1.3.2-aflplusplus_ast_o2__trial-387__17.sancov
exp-2022-05-28-23-07-05-harfbuzz-1.3.2,harfbuzz-1.3.2-aflplusplus_ast_o2,388,17,10953,/home/b/bdata/beandata/eth/projects_eth/eth-sm04-ast/repo/matt-AST/scripts/sancov_utils/sancov_util_results/exp-2022-05-28-23-07-05-harfbuzz-1.3.2/sancov__exp-2022-05-28-23-07-05-harfbuzz-1.3.2__harfbuzz-1.3.2-aflplusplus_ast_o2__trial-388__17.sancov
exp-2022-05-28-23-07-05-harfbuzz-1.3.2,harfbuzz-1.3.2-aflplusplus_ast_o3,383,17,10945,/home/b/bdata/beandata/eth/projects_eth/eth-sm04-ast/repo/matt-AST/scripts/sancov_utils/sancov_util_results/exp-2022-05-28-23-07-05-harfbuzz-1.3.2/sancov__exp-2022-05-28-23-07-05-harfbuzz-1.3.2__harfbuzz-1.3.2-aflplusplus_ast_o3__trial-383__17.sancov
exp-2022-05-28-23-07-05-harfbuzz-1.3.2,harfbuzz-1.3.2-aflplusplus_ast_o3,384,17,10884,/home/b/bdata/beandata/eth/projects_eth/eth-sm04-ast/repo/matt-AST/scripts/sancov_utils/sancov_util_results/exp-2022-05-28-23-07-05-harfbuzz-1.3.2/sancov__exp-2022-05-28-23-07-05-harfbuzz-1.3.2__harfbuzz-1.3.2-aflplusplus_ast_o3__trial-384__17.sancov
exp-2022-05-28-23-07-05-harfbuzz-1.3.2,harfbuzz-1.3.2-aflplusplus_ast_o3,385,17,10969,/home/b/bdata/beandata/eth/projects_eth/eth-sm04-ast/repo/matt-AST/scripts/sancov_utils/sancov_util_results/exp-2022-05-28-23-07-05-harfbuzz-1.3.2/sancov__exp-2022-05-28-23-07-05-harfbuzz-1.3.2__harfbuzz-1.3.2-aflplusplus_ast_o3__trial-385__17.sancov
